日期,天气,最低气温,最高气温,风向1,风向2,风级
11日（今天）,中雨,26,31,东风,东风,4
12日（明天）,中雨,26,30,东风,东风,5
13日（后天）,大雨,26,30,东风,南风,5
14日（周六）,中雨,26,29,南风,西南风,6
15日（周日）,阵雨,27,29,无持续风向,西南风,3
16日（周一）,阵雨,27,31,西南风,无持续风向,4
17日（周二）,小雨,27,32,无持续风向,无持续风向,3
18日,雨,27,30,南风,南风,3
19日,雨,26,30,东南风,东南风,3
20日,雨,27,30,东南风,东风,3
21日,多云转雨,28,31,东风,东南风,3
22日,雨,28,31,东南风,东南风,4
23日,雨,27,31,东南风,东南风,3
24日,雨,27,31,南风,东南风,4
25日,雨,27,31,南风,南风,3
